{
  "data_type": "Log1p Transformed",
  "mse_global": 0.05344048887491226,
  "rmse_global": 0.23117199540138245,
  "mae_global": 0.11562596261501312,
  "r2_global": 0.6204925794679208,
  "pearson_global": 0.7887164969402346,
  "spearman_global": 0.46003618305659355,
  "mse_sample": 0.05344049260020256,
  "mae_sample": 0.1156260073184967,
  "pearson_sample": 0.7517594856281398,
  "spearman_sample": 0.44268565537896004,
  "cosine_sample": 0.7755776643753052,
  "sam_sample": 38.6765019557198,
  "mse_nonzero_sample": 0.3021620512008667,
  "mae_nonzero_sample": 0.47970274090766907,
  "pearson_nonzero_sample": 0.7556268202518591,
  "spearman_nonzero_sample": 0.6191269684555861,
  "cosine_nonzero_sample": 0.8709443211555481,
  "sam_nonzero_sample": 29.103368433470443,
  "n_sample": 4110.0
}