{
  "mse": 5.207812309265137,
  "rmse": 2.2820632457733154,
  "mae": 0.7178871631622314,
  "r2": 0.6480141503648766,
  "pearson_global": 0.812852739467694,
  "spearman_global": 0.510335515897882,
  "cosine_similarity": 0.825019359588623,
  "cosine_similarity_mask": 0.8476791326342431,
  "sam": 33.22491455078125,
  "sam_mask": 32.03987077116863,
  "iou_zero": 0.00044341249998775553,
  "support_recovery": 0.15821986326946672,
  "mse_mask": 28.054777145385742,
  "mae_mask": 3.0346436500549316,
  "n_samples": 3638000,
  "pearson_per_sample": 0.8124187702600121,
  "spearman_per_sample": 0.5093335127835661,
  "pearson_per_sample_mask": 0.7794589561420687,
  "spearman_per_sample_mask": 0.6339738064964574
}