{
  "data_type": "Log1p Transformed",
  "mse_global": 0.06098310649394989,
  "rmse_global": 0.24694757163524628,
  "mae_global": 0.13260895013809204,
  "r2_global": 0.6433420471417344,
  "pearson_global": 0.8072220274914215,
  "spearman_global": 0.498659022155796,
  "cosine_sample": 0.799852728843689,
  "cosine_nonzero_sample": 0.8953694942033542,
  "pearson_sample": 0.7723135801875237,
  "pearson_nonzero_sample": 0.7763716358643907,
  "spearman_sample": 0.4832986142736944,
  "spearman_nonzero_sample": 0.6398810492374856,
  "sam_sample": 36.45555114746094,
  "sam_nonzero_sample": 26.444070332062,
  "mse_sample": 0.06098310276865959,
  "mse_nonzero_sample": 0.2679603695869446,
  "mae_sample": 0.13260895013809204,
  "mae_nonzero_sample": 0.4466167986392975,
  "n_sample": 1819.0
}