{
  "mse": 3.976684808731079,
  "rmse": 1.994162678718567,
  "mae": 0.6828144192695618,
  "r2": 0.7244694283310593,
  "pearson_global": 0.8530091199925828,
  "spearman_global": 0.5218204086374134,
  "cosine_similarity": 0.8570687770843506,
  "cosine_similarity_mask": 0.884787715217098,
  "sam": 29.788002014160156,
  "sam_mask": 27.774591224015122,
  "iou_zero": 0.0002754441536978378,
  "support_recovery": 0.1599213041034289,
  "mse_mask": 20.722991943359375,
  "mae_mask": 2.7830538749694824,
  "n_samples": 726000,
  "pearson_per_sample": 0.8465357840919707,
  "spearman_per_sample": 0.5203111477299713,
  "pearson_per_sample_mask": 0.8217144395337771,
  "spearman_per_sample_mask": 0.6599071551942715
}