{
  "data_type": "Log1p Transformed",
  "mse_global": 0.05257459357380867,
  "rmse_global": 0.22929149866104126,
  "mae_global": 0.11810106784105301,
  "r2_global": 0.5881856185271628,
  "pearson_global": 0.7739908520703342,
  "spearman_global": 0.453085013644737,
  "cosine_sample": 0.7585693001747131,
  "cosine_nonzero_sample": 0.8768520953652815,
  "pearson_sample": 0.7303952938810772,
  "pearson_nonzero_sample": 0.7416691277776853,
  "spearman_sample": 0.43578444432074626,
  "spearman_nonzero_sample": 0.5981956149583841,
  "sam_sample": 40.240089416503906,
  "sam_nonzero_sample": 28.73506588864331,
  "mse_sample": 0.05257458612322807,
  "mse_nonzero_sample": 0.27739259600639343,
  "mae_sample": 0.1181010752916336,
  "mae_nonzero_sample": 0.45857101678848267,
  "n_sample": 1796.0
}