{
  "data_type": "Log1p Transformed",
  "mse_global": 0.06117360293865204,
  "rmse_global": 0.24733297526836395,
  "mae_global": 0.133528470993042,
  "r2_global": 0.6422280982128945,
  "pearson_global": 0.8065070232723037,
  "spearman_global": 0.49832992808431437,
  "cosine_sample": 0.7992246150970459,
  "cosine_nonzero_sample": 0.895830320784676,
  "pearson_sample": 0.7716108053995474,
  "pearson_nonzero_sample": 0.7764098555506856,
  "spearman_sample": 0.48295648754407794,
  "spearman_nonzero_sample": 0.6395879052165592,
  "sam_sample": 36.51925277709961,
  "sam_nonzero_sample": 26.384718158398673,
  "mse_sample": 0.06117356941103935,
  "mse_nonzero_sample": 0.26718369126319885,
  "mae_sample": 0.13352850079536438,
  "mae_nonzero_sample": 0.445867121219635,
  "n_sample": 1819.0
}