{
  "data_type": "Log1p Transformed",
  "mse_global": 0.04975327476859093,
  "rmse_global": 0.2230544239282608,
  "mae_global": 0.11138966679573059,
  "r2_global": 0.6425977287606581,
  "pearson_global": 0.80475567116403,
  "spearman_global": 0.45912394949488405,
  "cosine_sample": 0.7922714352607727,
  "cosine_nonzero_sample": 0.8920371307636923,
  "pearson_sample": 0.7705595855135371,
  "pearson_nonzero_sample": 0.8031905995942975,
  "spearman_sample": 0.44046179659465834,
  "spearman_nonzero_sample": 0.6306402193764797,
  "sam_sample": 37.217350006103516,
  "sam_nonzero_sample": 26.8696413468274,
  "mse_sample": 0.04975328966975212,
  "mse_nonzero_sample": 0.2749553620815277,
  "mae_sample": 0.1113896369934082,
  "mae_nonzero_sample": 0.45536819100379944,
  "n_sample": 2055.0
}