{
  "mse_global": 5.382919788360596,
  "rmse_global": 2.3201119899749756,
  "mae_global": 0.7195225358009338,
  "r2_global": 0.636179155386888,
  "pearson_global": 0.8066538862333086,
  "spearman_global": 0.5096714224790406,
  "cosine_sample": 0.8218690156936646,
  "cosine_nonzero_sample": 0.8405133198926448,
  "pearson_sample": 0.809082216276541,
  "pearson_nonzero_sample": 0.7751658284378952,
  "spearman_sample": 0.5086767723702977,
  "spearman_nonzero_sample": 0.6305418088195333,
  "sam_sample": 33.54148864746094,
  "sam_nonzero_sample": 32.80563530803599,
  "mse_sample": 5.38291597366333,
  "mse_nonzero_sample": 29.35979652404785,
  "mae_sample": 0.7195225954055786,
  "mae_nonzero_sample": 3.0543220043182373,
  "n_sample": 1819.0
}